pcu_date_des_donnees_inclus-cerb_week_ending_date ,code_de_la_subdivision_canadienne-canadian_subdivision_code ,code_de_groupe_dage-age_group_code ,compte_unique_du_demandeur-unique_applicant_count 
2020-06-28,NL,24,17270
2020-06-28,NL,25,20890
2020-06-28,NL,35,18820
2020-06-28,NL,45,19070
2020-06-28,NL,55,18330
2020-06-28,NL,65,6080
2020-06-28,NL,-1,10
2020-06-28,PE,24,6470
2020-06-28,PE,25,6280
2020-06-28,PE,35,4970
2020-06-28,PE,45,4740
2020-06-28,PE,55,4740
2020-06-28,PE,65,2020
2020-06-28,PE,-1,10
2020-06-28,NS,24,35760
2020-06-28,NS,25,44320
2020-06-28,NS,35,34390
2020-06-28,NS,45,31910
2020-06-28,NS,55,31840
2020-06-28,NS,65,11160
2020-06-28,NS,-1,30
2020-06-28,NB,24,25950
2020-06-28,NB,25,30790
2020-06-28,NB,35,27020
2020-06-28,NB,45,26110
2020-06-28,NB,55,25000
2020-06-28,NB,65,7560
2020-06-28,NB,-1,10
2020-06-28,QC,24,341840
2020-06-28,QC,25,404580
2020-06-28,QC,35,359970
2020-06-28,QC,45,318710
2020-06-28,QC,55,319970
2020-06-28,QC,65,110520
2020-06-28,QC,-1,70
2020-06-28,ON,24,620810
2020-06-28,ON,25,772750
2020-06-28,ON,35,617140
2020-06-28,ON,45,570710
2020-06-28,ON,55,514730
2020-06-28,ON,65,174150
2020-06-28,ON,-1,510
2020-06-28,MB,24,50940
2020-06-28,MB,25,61310
2020-06-28,MB,35,49020
2020-06-28,MB,45,39780
2020-06-28,MB,55,33340
2020-06-28,MB,65,12010
2020-06-28,MB,-1,50
2020-06-28,SK,24,42250
2020-06-28,SK,25,55620
2020-06-28,SK,35,44740
2020-06-28,SK,45,32720
2020-06-28,SK,55,28400
2020-06-28,SK,65,10770
2020-06-28,SK,-1,30
2020-06-28,AB,24,175100
2020-06-28,AB,25,243680
2020-06-28,AB,35,218570
2020-06-28,AB,45,164550
2020-06-28,AB,55,134710
2020-06-28,AB,65,45290
2020-06-28,AB,-1,130
2020-06-28,BC,24,199310
2020-06-28,BC,25,265130
2020-06-28,BC,35,213020
2020-06-28,BC,45,183780
2020-06-28,BC,55,169160
2020-06-28,BC,65,62340
2020-06-28,BC,-1,200
2020-06-28,YT,24,1300
2020-06-28,YT,25,2210
2020-06-28,YT,35,1680
2020-06-28,YT,45,1260
2020-06-28,YT,55,1310
2020-06-28,YT,65,580
2020-06-28,YT,-1,0
2020-06-28,NT,24,1820
2020-06-28,NT,25,2760
2020-06-28,NT,35,1990
2020-06-28,NT,45,1780
2020-06-28,NT,55,1560
2020-06-28,NT,65,740
2020-06-28,NT,-1,0
2020-06-28,NU,24,1660
2020-06-28,NU,25,2630
2020-06-28,NU,35,1800
2020-06-28,NU,45,1480
2020-06-28,NU,55,890
2020-06-28,NU,65,330
2020-06-28,NU,-1,0
2020-06-28,**,24,1600
2020-06-28,**,25,1110
2020-06-28,**,35,760
2020-06-28,**,45,520
2020-06-28,**,55,340
2020-06-28,**,65,110
2020-06-28,**,-1,10
2020-06-28,??,24,60
2020-06-28,??,25,30
2020-06-28,??,35,10
2020-06-28,??,45,0
2020-06-28,??,55,0
2020-06-28,??,65,0
2020-06-28,??,-1,0
2020-07-05,NL,24,17410
2020-07-05,NL,25,21300
2020-07-05,NL,35,19230
2020-07-05,NL,45,19560
2020-07-05,NL,55,18840
2020-07-05,NL,65,6290
2020-07-05,NL,-1,10
2020-07-05,PE,24,6520
2020-07-05,PE,25,6400
2020-07-05,PE,35,5100
2020-07-05,PE,45,4880
2020-07-05,PE,55,4890
2020-07-05,PE,65,2070
2020-07-05,PE,-1,20
2020-07-05,NS,24,35980
2020-07-05,NS,25,44870
2020-07-05,NS,35,35010
2020-07-05,NS,45,32650
2020-07-05,NS,55,32650
2020-07-05,NS,65,11410
2020-07-05,NS,-1,40
2020-07-05,NB,24,26100
2020-07-05,NB,25,31170
2020-07-05,NB,35,27380
2020-07-05,NB,45,26510
2020-07-05,NB,55,25440
2020-07-05,NB,65,7680
2020-07-05,NB,-1,20
2020-07-05,QC,24,343530
2020-07-05,QC,25,410380
2020-07-05,QC,35,364640
2020-07-05,QC,45,322270
2020-07-05,QC,55,322740
2020-07-05,QC,65,111370
2020-07-05,QC,-1,90
2020-07-05,ON,24,623090
2020-07-05,ON,25,780930
2020-07-05,ON,35,624180
2020-07-05,ON,45,577520
2020-07-05,ON,55,520880
2020-07-05,ON,65,176030
2020-07-05,ON,-1,610
2020-07-05,MB,24,51310
2020-07-05,MB,25,62210
2020-07-05,MB,35,49850
2020-07-05,MB,45,40550
2020-07-05,MB,55,33930
2020-07-05,MB,65,12130
2020-07-05,MB,-1,60
2020-07-05,SK,24,42630
2020-07-05,SK,25,56470
2020-07-05,SK,35,45670
2020-07-05,SK,45,33530
2020-07-05,SK,55,29070
2020-07-05,SK,65,10980
2020-07-05,SK,-1,30
2020-07-05,AB,24,176010
2020-07-05,AB,25,246210
2020-07-05,AB,35,221040
2020-07-05,AB,45,166720
2020-07-05,AB,55,136330
2020-07-05,AB,65,45680
2020-07-05,AB,-1,170
2020-07-05,BC,24,200240
2020-07-05,BC,25,267830
2020-07-05,BC,35,215760
2020-07-05,BC,45,186530
2020-07-05,BC,55,171540
2020-07-05,BC,65,62890
2020-07-05,BC,-1,250
2020-07-05,YT,24,1310
2020-07-05,YT,25,2230
2020-07-05,YT,35,1700
2020-07-05,YT,45,1280
2020-07-05,YT,55,1310
2020-07-05,YT,65,590
2020-07-05,YT,-1,0
2020-07-05,NT,24,1840
2020-07-05,NT,25,2790
2020-07-05,NT,35,2000
2020-07-05,NT,45,1800
2020-07-05,NT,55,1570
2020-07-05,NT,65,750
2020-07-05,NT,-1,0
2020-07-05,NU,24,1690
2020-07-05,NU,25,2660
2020-07-05,NU,35,1820
2020-07-05,NU,45,1490
2020-07-05,NU,55,900
2020-07-05,NU,65,340
2020-07-05,NU,-1,0
2020-07-05,**,24,1600
2020-07-05,**,25,1120
2020-07-05,**,35,780
2020-07-05,**,45,530
2020-07-05,**,55,350
2020-07-05,**,65,120
2020-07-05,**,-1,10
2020-07-05,??,24,60
2020-07-05,??,25,30
2020-07-05,??,35,10
2020-07-05,??,45,0
2020-07-05,??,55,0
2020-07-05,??,65,0
2020-07-05,??,-1,0
2020-07-12,NL,24,17570
2020-07-12,NL,25,21680
2020-07-12,NL,35,19620
2020-07-12,NL,45,20060
2020-07-12,NL,55,19400
2020-07-12,NL,65,6450
2020-07-12,NL,-1,10
2020-07-12,PE,24,6590
2020-07-12,PE,25,6590
2020-07-12,PE,35,5240
2020-07-12,PE,45,5030
2020-07-12,PE,55,5070
2020-07-12,PE,65,2140
2020-07-12,PE,-1,20
2020-07-12,NS,24,36200
2020-07-12,NS,25,45540
2020-07-12,NS,35,35570
2020-07-12,NS,45,33220
2020-07-12,NS,55,33350
2020-07-12,NS,65,11680
2020-07-12,NS,-1,50
2020-07-12,NB,24,26310
2020-07-12,NB,25,31710
2020-07-12,NB,35,27870
2020-07-12,NB,45,26980
2020-07-12,NB,55,25940
2020-07-12,NB,65,7860
2020-07-12,NB,-1,20
2020-07-12,QC,24,345110
2020-07-12,QC,25,415410
2020-07-12,QC,35,369680
2020-07-12,QC,45,326200
2020-07-12,QC,55,326160
2020-07-12,QC,65,112740
2020-07-12,QC,-1,100
2020-07-12,ON,24,625240
2020-07-12,ON,25,790390
2020-07-12,ON,35,631820
2020-07-12,ON,45,583890
2020-07-12,ON,55,527310
2020-07-12,ON,65,178570
2020-07-12,ON,-1,700
2020-07-12,MB,24,51740
2020-07-12,MB,25,63330
2020-07-12,MB,35,50680
2020-07-12,MB,45,41320
2020-07-12,MB,55,34540
2020-07-12,MB,65,12320
2020-07-12,MB,-1,60
2020-07-12,SK,24,42950
2020-07-12,SK,25,57420
2020-07-12,SK,35,46420
2020-07-12,SK,45,34170
2020-07-12,SK,55,29670
2020-07-12,SK,65,11160
2020-07-12,SK,-1,40
2020-07-12,AB,24,176900
2020-07-12,AB,25,249080
2020-07-12,AB,35,223790
2020-07-12,AB,45,168940
2020-07-12,AB,55,138200
2020-07-12,AB,65,46240
2020-07-12,AB,-1,190
2020-07-12,BC,24,201120
2020-07-12,BC,25,270900
2020-07-12,BC,35,218570
2020-07-12,BC,45,189100
2020-07-12,BC,55,173790
2020-07-12,BC,65,63690
2020-07-12,BC,-1,280
2020-07-12,YT,24,1310
2020-07-12,YT,25,2250
2020-07-12,YT,35,1710
2020-07-12,YT,45,1290
2020-07-12,YT,55,1330
2020-07-12,YT,65,600
2020-07-12,YT,-1,0
2020-07-12,NT,24,1850
2020-07-12,NT,25,2830
2020-07-12,NT,35,2030
2020-07-12,NT,45,1830
2020-07-12,NT,55,1590
2020-07-12,NT,65,760
2020-07-12,NT,-1,0
2020-07-12,NU,24,1710
2020-07-12,NU,25,2710
2020-07-12,NU,35,1860
2020-07-12,NU,45,1520
2020-07-12,NU,55,910
2020-07-12,NU,65,340
2020-07-12,NU,-1,0
2020-07-12,**,24,1610
2020-07-12,**,25,1150
2020-07-12,**,35,800
2020-07-12,**,45,550
2020-07-12,**,55,350
2020-07-12,**,65,120
2020-07-12,**,-1,10
2020-07-12,??,24,60
2020-07-12,??,25,30
2020-07-12,??,35,10
2020-07-12,??,45,0
2020-07-12,??,55,0
2020-07-12,??,65,0
2020-07-12,??,-1,0
2020-07-19,NL,24,17690
2020-07-19,NL,25,21930
2020-07-19,NL,35,19880
2020-07-19,NL,45,20390
2020-07-19,NL,55,19740
2020-07-19,NL,65,6580
2020-07-19,NL,-1,20
2020-07-19,PE,24,6640
2020-07-19,PE,25,6700
2020-07-19,PE,35,5340
2020-07-19,PE,45,5120
2020-07-19,PE,55,5200
2020-07-19,PE,65,2200
2020-07-19,PE,-1,30
2020-07-19,NS,24,36350
2020-07-19,NS,25,45920
2020-07-19,NS,35,35910
2020-07-19,NS,45,33590
2020-07-19,NS,55,33720
2020-07-19,NS,65,11830
2020-07-19,NS,-1,50
2020-07-19,NB,24,26500
2020-07-19,NB,25,32070
2020-07-19,NB,35,28200
2020-07-19,NB,45,27310
2020-07-19,NB,55,26330
2020-07-19,NB,65,7980
2020-07-19,NB,-1,20
2020-07-19,QC,24,346750
2020-07-19,QC,25,418850
2020-07-19,QC,35,373350
2020-07-19,QC,45,329500
2020-07-19,QC,55,328720
2020-07-19,QC,65,113560
2020-07-19,QC,-1,120
2020-07-19,ON,24,627060
2020-07-19,ON,25,795600
2020-07-19,ON,35,636050
2020-07-19,ON,45,587430
2020-07-19,ON,55,530840
2020-07-19,ON,65,179920
2020-07-19,ON,-1,830
2020-07-19,MB,24,52140
2020-07-19,MB,25,64070
2020-07-19,MB,35,51190
2020-07-19,MB,45,41710
2020-07-19,MB,55,34870
2020-07-19,MB,65,12430
2020-07-19,MB,-1,70
2020-07-19,SK,24,43310
2020-07-19,SK,25,58080
2020-07-19,SK,35,46930
2020-07-19,SK,45,34570
2020-07-19,SK,55,30020
2020-07-19,SK,65,11300
2020-07-19,SK,-1,40
2020-07-19,AB,24,177570
2020-07-19,AB,25,251020
2020-07-19,AB,35,225380
2020-07-19,AB,45,170210
2020-07-19,AB,55,139270
2020-07-19,AB,65,46570
2020-07-19,AB,-1,220
2020-07-19,BC,24,201750
2020-07-19,BC,25,272780
2020-07-19,BC,35,220220
2020-07-19,BC,45,190500
2020-07-19,BC,55,175120
2020-07-19,BC,65,64200
2020-07-19,BC,-1,300
2020-07-19,YT,24,1330
2020-07-19,YT,25,2270
2020-07-19,YT,35,1720
2020-07-19,YT,45,1300
2020-07-19,YT,55,1340
2020-07-19,YT,65,610
2020-07-19,YT,-1,0
2020-07-19,NT,24,1870
2020-07-19,NT,25,2860
2020-07-19,NT,35,2040
2020-07-19,NT,45,1840
2020-07-19,NT,55,1610
2020-07-19,NT,65,770
2020-07-19,NT,-1,0
2020-07-19,NU,24,1730
2020-07-19,NU,25,2730
2020-07-19,NU,35,1890
2020-07-19,NU,45,1530
2020-07-19,NU,55,920
2020-07-19,NU,65,340
2020-07-19,NU,-1,0
2020-07-19,**,24,1610
2020-07-19,**,25,1170
2020-07-19,**,35,810
2020-07-19,**,45,550
2020-07-19,**,55,350
2020-07-19,**,65,120
2020-07-19,**,-1,10
2020-07-19,??,24,50
2020-07-19,??,25,30
2020-07-19,??,35,10
2020-07-19,??,45,0
2020-07-19,??,55,0
2020-07-19,??,65,0
2020-07-19,??,-1,0
2020-07-26,NL,24,17820
2020-07-26,NL,25,22160
2020-07-26,NL,35,20090
2020-07-26,NL,45,20660
2020-07-26,NL,55,20060
2020-07-26,NL,65,6690
2020-07-26,NL,-1,20
2020-07-26,PE,24,6700
2020-07-26,PE,25,6810
2020-07-26,PE,35,5430
2020-07-26,PE,45,5200
2020-07-26,PE,55,5280
2020-07-26,PE,65,2240
2020-07-26,PE,-1,30
2020-07-26,NS,24,36530
2020-07-26,NS,25,46330
2020-07-26,NS,35,36280
2020-07-26,NS,45,33930
2020-07-26,NS,55,34100
2020-07-26,NS,65,12000
2020-07-26,NS,-1,70
2020-07-26,NB,24,26710
2020-07-26,NB,25,32430
2020-07-26,NB,35,28530
2020-07-26,NB,45,27600
2020-07-26,NB,55,26700
2020-07-26,NB,65,8120
2020-07-26,NB,-1,30
2020-07-26,QC,24,348320
2020-07-26,QC,25,422770
2020-07-26,QC,35,377220
2020-07-26,QC,45,332830
2020-07-26,QC,55,331710
2020-07-26,QC,65,114300
2020-07-26,QC,-1,140
2020-07-26,ON,24,629010
2020-07-26,ON,25,800580
2020-07-26,ON,35,639830
2020-07-26,ON,45,590470
2020-07-26,ON,55,533750
2020-07-26,ON,65,180960
2020-07-26,ON,-1,930
2020-07-26,MB,24,52530
2020-07-26,MB,25,64770
2020-07-26,MB,35,51700
2020-07-26,MB,45,42130
2020-07-26,MB,55,35210
2020-07-26,MB,65,12530
2020-07-26,MB,-1,90
2020-07-26,SK,24,43630
2020-07-26,SK,25,58640
2020-07-26,SK,35,47380
2020-07-26,SK,45,34870
2020-07-26,SK,55,30290
2020-07-26,SK,65,11440
2020-07-26,SK,-1,40
2020-07-26,AB,24,178340
2020-07-26,AB,25,252830
2020-07-26,AB,35,226900
2020-07-26,AB,45,171330
2020-07-26,AB,55,140200
2020-07-26,AB,65,46900
2020-07-26,AB,-1,260
2020-07-26,BC,24,202430
2020-07-26,BC,25,274560
2020-07-26,BC,35,221650
2020-07-26,BC,45,191670
2020-07-26,BC,55,176270
2020-07-26,BC,65,64550
2020-07-26,BC,-1,360
2020-07-26,YT,24,1330
2020-07-26,YT,25,2290
2020-07-26,YT,35,1730
2020-07-26,YT,45,1300
2020-07-26,YT,55,1350
2020-07-26,YT,65,610
2020-07-26,YT,-1,0
2020-07-26,NT,24,1880
2020-07-26,NT,25,2900
2020-07-26,NT,35,2070
2020-07-26,NT,45,1850
2020-07-26,NT,55,1630
2020-07-26,NT,65,780
2020-07-26,NT,-1,0
2020-07-26,NU,24,1750
2020-07-26,NU,25,2770
2020-07-26,NU,35,1910
2020-07-26,NU,45,1550
2020-07-26,NU,55,930
2020-07-26,NU,65,340
2020-07-26,NU,-1,0
2020-07-26,**,24,1610
2020-07-26,**,25,1200
2020-07-26,**,35,830
2020-07-26,**,45,570
2020-07-26,**,55,360
2020-07-26,**,65,120
2020-07-26,**,-1,10
2020-07-26,??,24,50
2020-07-26,??,25,30
2020-07-26,??,35,10
2020-07-26,??,45,0
2020-07-26,??,55,0
2020-07-26,??,65,0
2020-07-26,??,-1,0
2020-08-02,NL,24,17920
2020-08-02,NL,25,22370
2020-08-02,NL,35,20320
2020-08-02,NL,45,20930
2020-08-02,NL,55,20340
2020-08-02,NL,65,6780
2020-08-02,NL,-1,20
2020-08-02,PE,24,6730
2020-08-02,PE,25,6940
2020-08-02,PE,35,5520
2020-08-02,PE,45,5270
2020-08-02,PE,55,5380
2020-08-02,PE,65,2290
2020-08-02,PE,-1,30
2020-08-02,NS,24,36720
2020-08-02,NS,25,46820
2020-08-02,NS,35,36600
2020-08-02,NS,45,34260
2020-08-02,NS,55,34430
2020-08-02,NS,65,12120
2020-08-02,NS,-1,70
2020-08-02,NB,24,26910
2020-08-02,NB,25,32780
2020-08-02,NB,35,28850
2020-08-02,NB,45,27900
2020-08-02,NB,55,27080
2020-08-02,NB,65,8230
2020-08-02,NB,-1,30
2020-08-02,QC,24,349760
2020-08-02,QC,25,426700
2020-08-02,QC,35,381120
2020-08-02,QC,45,336200
2020-08-02,QC,55,334510
2020-08-02,QC,65,115000
2020-08-02,QC,-1,170
2020-08-02,ON,24,630770
2020-08-02,ON,25,805440
2020-08-02,ON,35,643560
2020-08-02,ON,45,593290
2020-08-02,ON,55,536330
2020-08-02,ON,65,181950
2020-08-02,ON,-1,1050
2020-08-02,MB,24,52860
2020-08-02,MB,25,65510
2020-08-02,MB,35,52210
2020-08-02,MB,45,42520
2020-08-02,MB,55,35520
2020-08-02,MB,65,12640
2020-08-02,MB,-1,110
2020-08-02,SK,24,43940
2020-08-02,SK,25,59180
2020-08-02,SK,35,47770
2020-08-02,SK,45,35160
2020-08-02,SK,55,30530
2020-08-02,SK,65,11530
2020-08-02,SK,-1,50
2020-08-02,AB,24,179080
2020-08-02,AB,25,254520
2020-08-02,AB,35,228370
2020-08-02,AB,45,172510
2020-08-02,AB,55,141130
2020-08-02,AB,65,47200
2020-08-02,AB,-1,300
2020-08-02,BC,24,203130
2020-08-02,BC,25,276320
2020-08-02,BC,35,223120
2020-08-02,BC,45,192730
2020-08-02,BC,55,177380
2020-08-02,BC,65,64940
2020-08-02,BC,-1,400
2020-08-02,YT,24,1340
2020-08-02,YT,25,2300
2020-08-02,YT,35,1750
2020-08-02,YT,45,1310
2020-08-02,YT,55,1360
2020-08-02,YT,65,610
2020-08-02,YT,-1,10
2020-08-02,NT,24,1900
2020-08-02,NT,25,2920
2020-08-02,NT,35,2090
2020-08-02,NT,45,1870
2020-08-02,NT,55,1640
2020-08-02,NT,65,780
2020-08-02,NT,-1,0
2020-08-02,NU,24,1780
2020-08-02,NU,25,2800
2020-08-02,NU,35,1930
2020-08-02,NU,45,1560
2020-08-02,NU,55,940
2020-08-02,NU,65,350
2020-08-02,NU,-1,0
2020-08-02,**,24,1610
2020-08-02,**,25,1240
2020-08-02,**,35,860
2020-08-02,**,45,580
2020-08-02,**,55,360
2020-08-02,**,65,120
2020-08-02,**,-1,10
2020-08-02,??,24,50
2020-08-02,??,25,30
2020-08-02,??,35,10
2020-08-02,??,45,0
2020-08-02,??,55,0
2020-08-02,??,65,0
2020-08-02,??,-1,0
2020-08-09,NL,24,18050
2020-08-09,NL,25,22660
2020-08-09,NL,35,20600
2020-08-09,NL,45,21270
2020-08-09,NL,55,20720
2020-08-09,NL,65,6920
2020-08-09,NL,-1,20
2020-08-09,PE,24,6770
2020-08-09,PE,25,7050
2020-08-09,PE,35,5590
2020-08-09,PE,45,5350
2020-08-09,PE,55,5470
2020-08-09,PE,65,2350
2020-08-09,PE,-1,30
2020-08-09,NS,24,36860
2020-08-09,NS,25,47370
2020-08-09,NS,35,37050
2020-08-09,NS,45,34610
2020-08-09,NS,55,34810
2020-08-09,NS,65,12270
2020-08-09,NS,-1,80
2020-08-09,NB,24,27070
2020-08-09,NB,25,33180
2020-08-09,NB,35,29220
2020-08-09,NB,45,28240
2020-08-09,NB,55,27430
2020-08-09,NB,65,8360
2020-08-09,NB,-1,30
2020-08-09,QC,24,351090
2020-08-09,QC,25,430940
2020-08-09,QC,35,384720
2020-08-09,QC,45,339310
2020-08-09,QC,55,337140
2020-08-09,QC,65,116020
2020-08-09,QC,-1,210
2020-08-09,ON,24,632020
2020-08-09,ON,25,811580
2020-08-09,ON,35,648090
2020-08-09,ON,45,596620
2020-08-09,ON,55,539510
2020-08-09,ON,65,183450
2020-08-09,ON,-1,1170
2020-08-09,MB,24,53210
2020-08-09,MB,25,66350
2020-08-09,MB,35,52850
2020-08-09,MB,45,42940
2020-08-09,MB,55,35890
2020-08-09,MB,65,12810
2020-08-09,MB,-1,120
2020-08-09,SK,24,44280
2020-08-09,SK,25,59800
2020-08-09,SK,35,48280
2020-08-09,SK,45,35510
2020-08-09,SK,55,30850
2020-08-09,SK,65,11660
2020-08-09,SK,-1,50
2020-08-09,AB,24,179680
2020-08-09,AB,25,256600
2020-08-09,AB,35,230380
2020-08-09,AB,45,173770
2020-08-09,AB,55,142190
2020-08-09,AB,65,47680
2020-08-09,AB,-1,330
2020-08-09,BC,24,203700
2020-08-09,BC,25,278460
2020-08-09,BC,35,224910
2020-08-09,BC,45,194110
2020-08-09,BC,55,178630
2020-08-09,BC,65,65570
2020-08-09,BC,-1,430
2020-08-09,YT,24,1340
2020-08-09,YT,25,2320
2020-08-09,YT,35,1770
2020-08-09,YT,45,1320
2020-08-09,YT,55,1370
2020-08-09,YT,65,610
2020-08-09,YT,-1,10
2020-08-09,NT,24,1910
2020-08-09,NT,25,2950
2020-08-09,NT,35,2110
2020-08-09,NT,45,1890
2020-08-09,NT,55,1650
2020-08-09,NT,65,790
2020-08-09,NT,-1,0
2020-08-09,NU,24,1800
2020-08-09,NU,25,2850
2020-08-09,NU,35,1940
2020-08-09,NU,45,1590
2020-08-09,NU,55,950
2020-08-09,NU,65,350
2020-08-09,NU,-1,0
2020-08-09,**,24,1620
2020-08-09,**,25,1280
2020-08-09,**,35,910
2020-08-09,**,45,620
2020-08-09,**,55,370
2020-08-09,**,65,130
2020-08-09,**,-1,10
2020-08-09,??,24,50
2020-08-09,??,25,30
2020-08-09,??,35,10
2020-08-09,??,45,0
2020-08-09,??,55,0
2020-08-09,??,65,0
2020-08-09,??,-1,0
2020-08-16,NL,24,18170
2020-08-16,NL,25,22880
2020-08-16,NL,35,20830
2020-08-16,NL,45,21550
2020-08-16,NL,55,21020
2020-08-16,NL,65,7040
2020-08-16,NL,-1,20
2020-08-16,PE,24,6820
2020-08-16,PE,25,7110
2020-08-16,PE,35,5640
2020-08-16,PE,45,5400
2020-08-16,PE,55,5520
2020-08-16,PE,65,2380
2020-08-16,PE,-1,30
2020-08-16,NS,24,37020
2020-08-16,NS,25,47770
2020-08-16,NS,35,37360
2020-08-16,NS,45,34900
2020-08-16,NS,55,35110
2020-08-16,NS,65,12380
2020-08-16,NS,-1,90
2020-08-16,NB,24,27290
2020-08-16,NB,25,33460
2020-08-16,NB,35,29450
2020-08-16,NB,45,28490
2020-08-16,NB,55,27700
2020-08-16,NB,65,8460
2020-08-16,NB,-1,30
2020-08-16,QC,24,352190
2020-08-16,QC,25,433520
2020-08-16,QC,35,386770
2020-08-16,QC,45,341200
2020-08-16,QC,55,338950
2020-08-16,QC,65,116650
2020-08-16,QC,-1,270
2020-08-16,ON,24,633430
2020-08-16,ON,25,815840
2020-08-16,ON,35,651220
2020-08-16,ON,45,599000
2020-08-16,ON,55,541920
2020-08-16,ON,65,184340
2020-08-16,ON,-1,1300
2020-08-16,MB,24,53500
2020-08-16,MB,25,67030
2020-08-16,MB,35,53330
2020-08-16,MB,45,43230
2020-08-16,MB,55,36150
2020-08-16,MB,65,12920
2020-08-16,MB,-1,120
2020-08-16,SK,24,44510
2020-08-16,SK,25,60280
2020-08-16,SK,35,48620
2020-08-16,SK,45,35760
2020-08-16,SK,55,31050
2020-08-16,SK,65,11750
2020-08-16,SK,-1,60
2020-08-16,AB,24,180280
2020-08-16,AB,25,258120
2020-08-16,AB,35,231670
2020-08-16,AB,45,174680
2020-08-16,AB,55,142970
2020-08-16,AB,65,47940
2020-08-16,AB,-1,370
2020-08-16,BC,24,204210
2020-08-16,BC,25,280020
2020-08-16,BC,35,226160
2020-08-16,BC,45,195140
2020-08-16,BC,55,179590
2020-08-16,BC,65,65960
2020-08-16,BC,-1,480
2020-08-16,YT,24,1350
2020-08-16,YT,25,2340
2020-08-16,YT,35,1780
2020-08-16,YT,45,1330
2020-08-16,YT,55,1390
2020-08-16,YT,65,610
2020-08-16,YT,-1,10
2020-08-16,NT,24,1920
2020-08-16,NT,25,2970
2020-08-16,NT,35,2120
2020-08-16,NT,45,1910
2020-08-16,NT,55,1660
2020-08-16,NT,65,800
2020-08-16,NT,-1,0
2020-08-16,NU,24,1820
2020-08-16,NU,25,2870
2020-08-16,NU,35,1960
2020-08-16,NU,45,1600
2020-08-16,NU,55,960
2020-08-16,NU,65,360
2020-08-16,NU,-1,0
2020-08-16,**,24,1630
2020-08-16,**,25,1300
2020-08-16,**,35,940
2020-08-16,**,45,640
2020-08-16,**,55,380
2020-08-16,**,65,130
2020-08-16,**,-1,10
2020-08-16,??,24,50
2020-08-16,??,25,30
2020-08-16,??,35,10
2020-08-16,??,45,0
2020-08-16,??,55,0
2020-08-16,??,65,0
2020-08-16,??,-1,0
2020-08-23,NL,24,18280
2020-08-23,NL,25,23070
2020-08-23,NL,35,21010
2020-08-23,NL,45,21800
2020-08-23,NL,55,21330
2020-08-23,NL,65,7140
2020-08-23,NL,-1,30
2020-08-23,PE,24,6870
2020-08-23,PE,25,7190
2020-08-23,PE,35,5690
2020-08-23,PE,45,5460
2020-08-23,PE,55,5570
2020-08-23,PE,65,2410
2020-08-23,PE,-1,40
2020-08-23,NS,24,37180
2020-08-23,NS,25,48110
2020-08-23,NS,35,37600
2020-08-23,NS,45,35120
2020-08-23,NS,55,35390
2020-08-23,NS,65,12450
2020-08-23,NS,-1,90
2020-08-23,NB,24,27520
2020-08-23,NB,25,33720
2020-08-23,NB,35,29660
2020-08-23,NB,45,28700
2020-08-23,NB,55,27930
2020-08-23,NB,65,8550
2020-08-23,NB,-1,30
2020-08-23,QC,24,353200
2020-08-23,QC,25,435980
2020-08-23,QC,35,388360
2020-08-23,QC,45,342580
2020-08-23,QC,55,340380
2020-08-23,QC,65,117160
2020-08-23,QC,-1,300
2020-08-23,ON,24,634480
2020-08-23,ON,25,819370
2020-08-23,ON,35,653700
2020-08-23,ON,45,600880
2020-08-23,ON,55,543760
2020-08-23,ON,65,184960
2020-08-23,ON,-1,1440
2020-08-23,MB,24,53700
2020-08-23,MB,25,67520
2020-08-23,MB,35,53670
2020-08-23,MB,45,43480
2020-08-23,MB,55,36350
2020-08-23,MB,65,12970
2020-08-23,MB,-1,140
2020-08-23,SK,24,44680
2020-08-23,SK,25,60640
2020-08-23,SK,35,48870
2020-08-23,SK,45,35940
2020-08-23,SK,55,31190
2020-08-23,SK,65,11820
2020-08-23,SK,-1,60
2020-08-23,AB,24,180850
2020-08-23,AB,25,259400
2020-08-23,AB,35,232820
2020-08-23,AB,45,175450
2020-08-23,AB,55,143600
2020-08-23,AB,65,48140
2020-08-23,AB,-1,400
2020-08-23,BC,24,204700
2020-08-23,BC,25,281430
2020-08-23,BC,35,227240
2020-08-23,BC,45,195930
2020-08-23,BC,55,180360
2020-08-23,BC,65,66210
2020-08-23,BC,-1,520
2020-08-23,YT,24,1350
2020-08-23,YT,25,2350
2020-08-23,YT,35,1790
2020-08-23,YT,45,1340
2020-08-23,YT,55,1390
2020-08-23,YT,65,620
2020-08-23,YT,-1,10
2020-08-23,NT,24,1920
2020-08-23,NT,25,2990
2020-08-23,NT,35,2140
2020-08-23,NT,45,1920
2020-08-23,NT,55,1670
2020-08-23,NT,65,810
2020-08-23,NT,-1,10
2020-08-23,NU,24,1830
2020-08-23,NU,25,2890
2020-08-23,NU,35,1970
2020-08-23,NU,45,1610
2020-08-23,NU,55,960
2020-08-23,NU,65,360
2020-08-23,NU,-1,0
2020-08-23,**,24,1630
2020-08-23,**,25,1320
2020-08-23,**,35,950
2020-08-23,**,45,650
2020-08-23,**,55,390
2020-08-23,**,65,130
2020-08-23,**,-1,10
2020-08-23,??,24,50
2020-08-23,??,25,30
2020-08-23,??,35,10
2020-08-23,??,45,0
2020-08-23,??,55,0
2020-08-23,??,65,0
2020-08-23,??,-1,0
2020-08-30,NL,24,18430
2020-08-30,NL,25,23270
2020-08-30,NL,35,21230
2020-08-30,NL,45,22070
2020-08-30,NL,55,21660
2020-08-30,NL,65,7250
2020-08-30,PE,24,6980
2020-08-30,PE,25,7280
2020-08-30,PE,35,5750
2020-08-30,PE,45,5530
2020-08-30,PE,55,5640
2020-08-30,PE,65,2440
2020-08-30,NS,24,37390
2020-08-30,NS,25,48540
2020-08-30,NS,35,37900
2020-08-30,NS,45,35350
2020-08-30,NS,55,35650
2020-08-30,NS,65,12540
2020-08-30,NB,24,28060
2020-08-30,NB,25,34030
2020-08-30,NB,35,29890
2020-08-30,NB,45,28950
2020-08-30,NB,55,28200
2020-08-30,NB,65,8640
2020-08-30,QC,24,354220
2020-08-30,QC,25,438530
2020-08-30,QC,35,390070
2020-08-30,QC,45,343970
2020-08-30,QC,55,342000
2020-08-30,QC,65,117900
2020-08-30,ON,24,636050
2020-08-30,ON,25,824180
2020-08-30,ON,35,656790
2020-08-30,ON,45,603090
2020-08-30,ON,55,545750
2020-08-30,ON,65,185720
2020-08-30,MB,24,54040
2020-08-30,MB,25,68140
2020-08-30,MB,35,54090
2020-08-30,MB,45,43730
2020-08-30,MB,55,36560
2020-08-30,MB,65,13020
2020-08-30,SK,24,44960
2020-08-30,SK,25,61110
2020-08-30,SK,35,49190
2020-08-30,SK,45,36140
2020-08-30,SK,55,31380
2020-08-30,SK,65,11890
2020-08-30,AB,24,181560
2020-08-30,AB,25,261200
2020-08-30,AB,35,234260
2020-08-30,AB,45,176330
2020-08-30,AB,55,144310
2020-08-30,AB,65,48390
2020-08-30,BC,24,205300
2020-08-30,BC,25,283190
2020-08-30,BC,35,228450
2020-08-30,BC,45,196820
2020-08-30,BC,55,181180
2020-08-30,BC,65,66500
2020-08-30,YT,24,1360
2020-08-30,YT,25,2380
2020-08-30,YT,35,1800
2020-08-30,YT,45,1340
2020-08-30,YT,55,1400
2020-08-30,YT,65,620
2020-08-30,NT,24,1930
2020-08-30,NT,25,3020
2020-08-30,NT,35,2150
2020-08-30,NT,45,1930
2020-08-30,NT,55,1680
2020-08-30,NT,65,810
2020-08-30,NU,24,1840
2020-08-30,NU,25,2910
2020-08-30,NU,35,1980
2020-08-30,NU,45,1620
2020-08-30,NU,55,970
2020-08-30,NU,65,360
2020-08-30,**,24,1630
2020-08-30,**,25,1350
2020-08-30,**,35,970
2020-08-30,**,45,650
2020-08-30,**,55,390
2020-08-30,**,65,130
2020-08-30,??,24,50
2020-08-30,??,25,30
2020-08-30,??,35,10
2020-08-30,??,45,0
2020-08-30,??,55,0
2020-08-30,??,65,0
2020-09-06,NL,24,18680
2020-09-06,NL,25,23590
2020-09-06,NL,35,21510
2020-09-06,NL,45,22380
2020-09-06,NL,55,22070
2020-09-06,NL,65,7400
2020-09-06,PE,24,7170
2020-09-06,PE,25,7390
2020-09-06,PE,35,5820
2020-09-06,PE,45,5580
2020-09-06,PE,55,5720
2020-09-06,PE,65,2470
2020-09-06,NS,24,37670
2020-09-06,NS,25,49090
2020-09-06,NS,35,38230
2020-09-06,NS,45,35620
2020-09-06,NS,55,35960
2020-09-06,NS,65,12670
2020-09-06,NB,24,29020
2020-09-06,NB,25,34460
2020-09-06,NB,35,30200
2020-09-06,NB,45,29230
2020-09-06,NB,55,28510
2020-09-06,NB,65,8770
2020-09-06,QC,24,355220
2020-09-06,QC,25,441100
2020-09-06,QC,35,392120
2020-09-06,QC,45,345530
2020-09-06,QC,55,343580
2020-09-06,QC,65,118630
2020-09-06,ON,24,637710
2020-09-06,ON,25,829820
2020-09-06,ON,35,660610
2020-09-06,ON,45,605450
2020-09-06,ON,55,548400
2020-09-06,ON,65,186780
2020-09-06,MB,24,54430
2020-09-06,MB,25,68970
2020-09-06,MB,35,54590
2020-09-06,MB,45,44070
2020-09-06,MB,55,36810
2020-09-06,MB,65,13150
2020-09-06,SK,24,45320
2020-09-06,SK,25,61790
2020-09-06,SK,35,49650
2020-09-06,SK,45,36420
2020-09-06,SK,55,31610
2020-09-06,SK,65,12000
2020-09-06,AB,24,182390
2020-09-06,AB,25,263280
2020-09-06,AB,35,236010
2020-09-06,AB,45,177410
2020-09-06,AB,55,145250
2020-09-06,AB,65,48780
2020-09-06,BC,24,205910
2020-09-06,BC,25,285110
2020-09-06,BC,35,229950
2020-09-06,BC,45,197750
2020-09-06,BC,55,182110
2020-09-06,BC,65,66980
2020-09-06,YT,24,1360
2020-09-06,YT,25,2400
2020-09-06,YT,35,1820
2020-09-06,YT,45,1350
2020-09-06,YT,55,1410
2020-09-06,YT,65,620
2020-09-06,NT,24,1940
2020-09-06,NT,25,3040
2020-09-06,NT,35,2170
2020-09-06,NT,45,1940
2020-09-06,NT,55,1700
2020-09-06,NT,65,820
2020-09-06,NU,24,1860
2020-09-06,NU,25,2940
2020-09-06,NU,35,1990
2020-09-06,NU,45,1630
2020-09-06,NU,55,970
2020-09-06,NU,65,370
2020-09-06,**,24,1640
2020-09-06,**,25,1370
2020-09-06,**,35,980
2020-09-06,**,45,660
2020-09-06,**,55,400
2020-09-06,**,65,130
2020-09-06,??,24,50
2020-09-06,??,25,30
2020-09-06,??,35,10
2020-09-06,??,45,0
2020-09-06,??,55,0
2020-09-06,??,65,0
2020-09-13,NL,24,18860
2020-09-13,NL,25,23820
2020-09-13,NL,35,21720
2020-09-13,NL,45,22630
2020-09-13,NL,55,22400
2020-09-13,NL,65,7520
2020-09-13,PE,24,7330
2020-09-13,PE,25,7490
2020-09-13,PE,35,5880
2020-09-13,PE,45,5650
2020-09-13,PE,55,5790
2020-09-13,PE,65,2510
2020-09-13,NS,24,37870
2020-09-13,NS,25,49440
2020-09-13,NS,35,38510
2020-09-13,NS,45,35860
2020-09-13,NS,55,36200
2020-09-13,NS,65,12770
2020-09-13,NB,24,29830
2020-09-13,NB,25,34780
2020-09-13,NB,35,30420
2020-09-13,NB,45,29450
2020-09-13,NB,55,28780
2020-09-13,NB,65,8870
2020-09-13,QC,24,356110
2020-09-13,QC,25,442710
2020-09-13,QC,35,393560
2020-09-13,QC,45,346720
2020-09-13,QC,55,344840
2020-09-13,QC,65,119060
2020-09-13,ON,24,639270
2020-09-13,ON,25,833760
2020-09-13,ON,35,663340
2020-09-13,ON,45,607240
2020-09-13,ON,55,550320
2020-09-13,ON,65,187480
2020-09-13,MB,24,54780
2020-09-13,MB,25,69500
2020-09-13,MB,35,54920
2020-09-13,MB,45,44280
2020-09-13,MB,55,37010
2020-09-13,MB,65,13210
2020-09-13,SK,24,45540
2020-09-13,SK,25,62210
2020-09-13,SK,35,49930
2020-09-13,SK,45,36610
2020-09-13,SK,55,31770
2020-09-13,SK,65,12070
2020-09-13,AB,24,182980
2020-09-13,AB,25,264660
2020-09-13,AB,35,237140
2020-09-13,AB,45,178230
2020-09-13,AB,55,145930
2020-09-13,AB,65,49000
2020-09-13,BC,24,206520
2020-09-13,BC,25,286620
2020-09-13,BC,35,231010
2020-09-13,BC,45,198500
2020-09-13,BC,55,182850
2020-09-13,BC,65,67270
2020-09-13,YT,24,1370
2020-09-13,YT,25,2420
2020-09-13,YT,35,1830
2020-09-13,YT,45,1360
2020-09-13,YT,55,1410
2020-09-13,YT,65,620
2020-09-13,NT,24,1950
2020-09-13,NT,25,3060
2020-09-13,NT,35,2200
2020-09-13,NT,45,1950
2020-09-13,NT,55,1710
2020-09-13,NT,65,830
2020-09-13,NU,24,1870
2020-09-13,NU,25,2970
2020-09-13,NU,35,2000
2020-09-13,NU,45,1640
2020-09-13,NU,55,980
2020-09-13,NU,65,370
2020-09-13,**,24,1650
2020-09-13,**,25,1390
2020-09-13,**,35,1000
2020-09-13,**,45,660
2020-09-13,**,55,400
2020-09-13,**,65,130
2020-09-13,??,24,50
2020-09-13,??,25,30
2020-09-13,??,35,10
2020-09-13,??,45,0
2020-09-13,??,55,0
2020-09-13,??,65,0
2020-09-20,NL,24,19030
2020-09-20,NL,25,24050
2020-09-20,NL,35,21930
2020-09-20,NL,45,22930
2020-09-20,NL,55,22770
2020-09-20,NL,65,7640
2020-09-20,PE,24,7460
2020-09-20,PE,25,7540
2020-09-20,PE,35,5940
2020-09-20,PE,45,5710
2020-09-20,PE,55,5890
2020-09-20,PE,65,2540
2020-09-20,NS,24,38040
2020-09-20,NS,25,49790
2020-09-20,NS,35,38730
2020-09-20,NS,45,36070
2020-09-20,NS,55,36470
2020-09-20,NS,65,12860
2020-09-20,NB,24,30430
2020-09-20,NB,25,35080
2020-09-20,NB,35,30660
2020-09-20,NB,45,29680
2020-09-20,NB,55,29070
2020-09-20,NB,65,8990
2020-09-20,QC,24,357220
2020-09-20,QC,25,444560
2020-09-20,QC,35,395040
2020-09-20,QC,45,347970
2020-09-20,QC,55,346250
2020-09-20,QC,65,119530
2020-09-20,ON,24,640760
2020-09-20,ON,25,837600
2020-09-20,ON,35,665960
2020-09-20,ON,45,609180
2020-09-20,ON,55,552250
2020-09-20,ON,65,188160
2020-09-20,MB,24,55040
2020-09-20,MB,25,69970
2020-09-20,MB,35,55250
2020-09-20,MB,45,44510
2020-09-20,MB,55,37220
2020-09-20,MB,65,13280
2020-09-20,SK,24,45750
2020-09-20,SK,25,62610
2020-09-20,SK,35,50210
2020-09-20,SK,45,36800
2020-09-20,SK,55,31950
2020-09-20,SK,65,12140
2020-09-20,AB,24,183620
2020-09-20,AB,25,266010
2020-09-20,AB,35,238250
2020-09-20,AB,45,179000
2020-09-20,AB,55,146560
2020-09-20,AB,65,49220
2020-09-20,BC,24,207060
2020-09-20,BC,25,288000
2020-09-20,BC,35,231980
2020-09-20,BC,45,199290
2020-09-20,BC,55,183590
2020-09-20,BC,65,67550
2020-09-20,YT,24,1370
2020-09-20,YT,25,2440
2020-09-20,YT,35,1840
2020-09-20,YT,45,1370
2020-09-20,YT,55,1420
2020-09-20,YT,65,630
2020-09-20,NT,24,1950
2020-09-20,NT,25,3090
2020-09-20,NT,35,2210
2020-09-20,NT,45,1960
2020-09-20,NT,55,1720
2020-09-20,NT,65,830
2020-09-20,NU,24,1880
2020-09-20,NU,25,2990
2020-09-20,NU,35,2020
2020-09-20,NU,45,1650
2020-09-20,NU,55,980
2020-09-20,NU,65,370
2020-09-20,**,24,1650
2020-09-20,**,25,1410
2020-09-20,**,35,1010
2020-09-20,**,45,670
2020-09-20,**,55,400
2020-09-20,**,65,130
2020-09-20,??,24,50
2020-09-20,??,25,30
2020-09-20,??,35,10
2020-09-20,??,45,0
2020-09-20,??,55,0
2020-09-20,??,65,0
2020-09-27,NL,24,19180
2020-09-27,NL,25,24250
2020-09-27,NL,35,22150
2020-09-27,NL,45,23240
2020-09-27,NL,55,23160
2020-09-27,NL,65,7760
2020-09-27,PE,24,7590
2020-09-27,PE,25,7610
2020-09-27,PE,35,6000
2020-09-27,PE,45,5750
2020-09-27,PE,55,6000
2020-09-27,PE,65,2590
2020-09-27,NS,24,38190
2020-09-27,NS,25,50110
2020-09-27,NS,35,38980
2020-09-27,NS,45,36290
2020-09-27,NS,55,36730
2020-09-27,NS,65,12950
2020-09-27,NB,24,30880
2020-09-27,NB,25,35380
2020-09-27,NB,35,30900
2020-09-27,NB,45,29950
2020-09-27,NB,55,29430
2020-09-27,NB,65,9110
2020-09-27,QC,24,358350
2020-09-27,QC,25,446310
2020-09-27,QC,35,396770
2020-09-27,QC,45,349300
2020-09-27,QC,55,348010
2020-09-27,QC,65,119990
2020-09-27,ON,24,642330
2020-09-27,ON,25,841680
2020-09-27,ON,35,668730
2020-09-27,ON,45,611390
2020-09-27,ON,55,554380
2020-09-27,ON,65,188920
2020-09-27,MB,24,55300
2020-09-27,MB,25,70460
2020-09-27,MB,35,55590
2020-09-27,MB,45,44760
2020-09-27,MB,55,37500
2020-09-27,MB,65,13380
2020-09-27,SK,24,45930
2020-09-27,SK,25,62980
2020-09-27,SK,35,50470
2020-09-27,SK,45,36990
2020-09-27,SK,55,32130
2020-09-27,SK,65,12210
2020-09-27,AB,24,184230
2020-09-27,AB,25,267400
2020-09-27,AB,35,239350
2020-09-27,AB,45,179820
2020-09-27,AB,55,147210
2020-09-27,AB,65,49470
2020-09-27,BC,24,207660
2020-09-27,BC,25,289370
2020-09-27,BC,35,232990
2020-09-27,BC,45,200130
2020-09-27,BC,55,184350
2020-09-27,BC,65,67850
2020-09-27,YT,24,1380
2020-09-27,YT,25,2460
2020-09-27,YT,35,1850
2020-09-27,YT,45,1370
2020-09-27,YT,55,1430
2020-09-27,YT,65,630
2020-09-27,NT,24,1960
2020-09-27,NT,25,3120
2020-09-27,NT,35,2230
2020-09-27,NT,45,1970
2020-09-27,NT,55,1720
2020-09-27,NT,65,830
2020-09-27,NU,24,1900
2020-09-27,NU,25,3030
2020-09-27,NU,35,2030
2020-09-27,NU,45,1660
2020-09-27,NU,55,990
2020-09-27,NU,65,370
2020-09-27,**,24,1660
2020-09-27,**,25,1430
2020-09-27,**,35,1020
2020-09-27,**,45,670
2020-09-27,**,55,410
2020-09-27,**,65,140
2020-09-27,??,24,50
2020-09-27,??,25,20
2020-09-27,??,35,10
2020-09-27,??,45,0
2020-09-27,??,55,0
2020-09-27,??,65,0
2020-10-04,NL,24,19370
2020-10-04,NL,25,24470
2020-10-04,NL,35,22370
2020-10-04,NL,45,23540
2020-10-04,NL,55,23590
2020-10-04,NL,65,7920
2020-10-04,PE,24,7700
2020-10-04,PE,25,7690
2020-10-04,PE,35,6050
2020-10-04,PE,45,5850
2020-10-04,PE,55,6120
2020-10-04,PE,65,2650
2020-10-04,NS,24,38330
2020-10-04,NS,25,50410
2020-10-04,NS,35,39200
2020-10-04,NS,45,36520
2020-10-04,NS,55,37000
2020-10-04,NS,65,13090
2020-10-04,NB,24,31230
2020-10-04,NB,25,35660
2020-10-04,NB,35,31120
2020-10-04,NB,45,30230
2020-10-04,NB,55,29830
2020-10-04,NB,65,9280
2020-10-04,QC,24,359440
2020-10-04,QC,25,448190
2020-10-04,QC,35,398400
2020-10-04,QC,45,350970
2020-10-04,QC,55,349800
2020-10-04,QC,65,120500
2020-10-04,ON,24,643550
2020-10-04,ON,25,845030
2020-10-04,ON,35,671050
2020-10-04,ON,45,613290
2020-10-04,ON,55,556030
2020-10-04,ON,65,189440
2020-10-04,MB,24,55500
2020-10-04,MB,25,70860
2020-10-04,MB,35,55870
2020-10-04,MB,45,44960
2020-10-04,MB,55,37710
2020-10-04,MB,65,13460
2020-10-04,SK,24,46080
2020-10-04,SK,25,63250
2020-10-04,SK,35,50670
2020-10-04,SK,45,37110
2020-10-04,SK,55,32260
2020-10-04,SK,65,12270
2020-10-04,AB,24,184720
2020-10-04,AB,25,268560
2020-10-04,AB,35,240280
2020-10-04,AB,45,180450
2020-10-04,AB,55,147800
2020-10-04,AB,65,49630
2020-10-04,BC,24,208080
2020-10-04,BC,25,290500
2020-10-04,BC,35,233850
2020-10-04,BC,45,200790
2020-10-04,BC,55,184990
2020-10-04,BC,65,68090
2020-10-04,YT,24,1380
2020-10-04,YT,25,2480
2020-10-04,YT,35,1860
2020-10-04,YT,45,1380
2020-10-04,YT,55,1430
2020-10-04,YT,65,630
2020-10-04,NT,24,1970
2020-10-04,NT,25,3140
2020-10-04,NT,35,2240
2020-10-04,NT,45,1970
2020-10-04,NT,55,1730
2020-10-04,NT,65,840
2020-10-04,NU,24,1900
2020-10-04,NU,25,3040
2020-10-04,NU,35,2030
2020-10-04,NU,45,1670
2020-10-04,NU,55,990
2020-10-04,NU,65,370
2020-10-04,**,24,1660
2020-10-04,**,25,1450
2020-10-04,**,35,1040
2020-10-04,**,45,670
2020-10-04,**,55,410
2020-10-04,**,65,140
2020-10-04,??,24,50
2020-10-04,??,25,20
2020-10-04,??,35,10
2020-10-04,??,45,0
2020-10-04,??,55,0
2020-10-04,??,65,0
